Pair,1D Close,1D RSI,1D EMA50,1D EMA200
ZRX/BTC,0.0001391,49.05969146408902,0.0001413084835035049,0.00012210845591042557
2GIVE/BTC,5.2e-07,37.217135675989624,6.777482931565693e-07,9.479705267331264e-07
ACE/USDT,0.0682,25.79408434179813,0.11329684136867488,0.20725324291526614
AAC/USDT,0.0249,38.82676832567177,0.03952402372384137,0.02763234002800651
ADB/BTC,6.8e-07,39.6770820265635,1.0100754750757474e-06,1.118091647380028e-06
ADX/BTC,3.407e-05,28.446104641540686,5.216132422122857e-05,8.934383089730668e-05
ADH/BTC,6.58e-06,37.9708074612521,7.326575185337184e-06,4.008878621437391e-06
ADT/BTC,2.79e-06,46.458385963391216,3.1660823126874315e-06,4.780545052630156e-06
ELF/BTC,6.414e-05,32.46219404848201,8.768984219726036e-05,9.843230256545352e-05
AEON/BTC,0.0001452,19.88807132825411,0.00019013561005941745,0.0002462010915895658
ARN/BTC,4.957e-05,17.924348102660804,8.402745976997539e-05,0.00013233348170691765
AE/BTC,0.0001847,25.146550550900955,0.0002653434466801456,0.00022794165406223217
DLT/BTC,6.82e-06,22.14232750048338,1.2047446043053418e-05,2.4769677958862006e-05
AIDOC/USDT,0.0156,38.01730585548239,0.02160145502044632,0.03439167620579137
AID/BTC,1.135e-05,25.837188761262652,1.3710708056443886e-05,6.691808828013059e-06
AIX/BTC,5.43e-06,26.724861740473926,9.678230958757437e-06,1.710324653468993e-05
AION/BTC,7e-05,28.426042039326077,0.00012989125363925316,0.00022482676919452756
AST/BTC,1.292e-05,35.45882894722084,2.0479460427385175e-05,3.745870337328525e-05
AIR/USDT,0.002763,28.24393909602769,0.004679510214171783,0.01151902996339417
SOC/USDT,0.0151,25.288396132482955,0.04374347748181832,0.048510626126911816
ACAT/BTC,2.1e-07,23.81843526059032,4.006906500422815e-07,2.42076542363059e-07
AMB/BTC,2.227e-05,19.943502829296076,3.574499875163987e-05,4.640243950756007e-05
AVH/BTC,2.2e-07,7.33896709605975,2.218585176032982e-06,3.293669102902669e-06
APH/BTC,1.44e-05,34.570106367412635,1.9547904982477016e-05,1.1935025870133272e-05
APPC/BTC,1.421e-05,25.793097182418972,2.5032025126755352e-05,4.2827264716380335e-05
ANT/BTC,0.0001918,31.366345544722158,0.00024653495984529246,0.00033476871396902707
ABT/USDT,0.1782,19.114195681897616,0.4201235107863094,0.47087618631439543
ARDR/BTC,1.844e-05,39.97728086048577,2.2887976053948886e-05,4.415504972673268e-05
ARK/BTC,0.0001175,27.085079907255516,0.00017789258179515288,0.0003031804046960179
ABY/BTC,4e-07,26.250435628189617,5.541392299187102e-07,9.273210777053412e-07
ATB/USDT,0.033,41.81164235174492,0.047480548577765985,0.025599142853936323
ATL/BTC,5e-06,18.987179419395783,8.63366571431923e-06,2.480695494726087e-05
ATM/BTC,1e-07,45.53056906207102,1.845701122672519e-07,3.0553550331695207e-07
AUC/BTC,9.8e-06,37.72622311974273,1.019417290497042e-05,3.730535584990102e-06
REP/BTC,0.003327,36.10980298193653,0.004057745914892884,0.002194309784206101
AOA/BTC,6.35e-06,59.807142317963994,4.310651171113476e-06,1.6362985925251664e-06
AUR/BTC,2.964e-05,23.256152258395375,4.947132301176465e-05,9.751902525119554e-05
ATS/BTC,3e-07,32.86906314447854,6.89566121312585e-07,1.2099614001633406e-06
AVT/BTC,0.000118,54.837460998808695,0.00011468157854591111,0.00014371215342261714
BAX/BTC,1.1e-07,44.91041070440643,1.1953147028176506e-07,6.066548399089996e-08
BANCA/BTC,7e-08,32.40555281707314,1.2814719105570318e-07,1.2403269323502105e-07
BNT/USDT,1.61,27.727442223051828,2.058581084615226,1.0444824216844768
BNK/BTC,5e-07,42.34895577739557,5.394656591603118e-07,2.7058546110071136e-07
BKX/BTC,1.821e-05,28.16034807133918,2.570988200112928e-05,2.4733559245254505e-05
BAT/BTC,3.364e-05,39.516434878555565,3.936588007594043e-05,3.819307523190075e-05
BITB/BTC,3.7e-07,25.369997861765274,5.238544992360174e-07,8.664331428989367e-07
BETR/BTC,2.15e-06,32.24193364766925,4.590569413543259e-06,4.713445445682803e-06
BEZ/BTC,7.7e-06,30.487989319977753,1.0769372764541441e-05,8.37413508489086e-06
BNB/USDT,11.64,37.53527128951298,13.340683008088451,12.338850470685623
BAY/BTC,3.27e-06,32.33877257224182,4.190955764752107e-06,6.442416595749862e-06
BTC/USDT,6077.3,31.436914293922502,7061.065999340959,8818.127492459187
BCH/USDT,544.0,26.977964968719142,759.918289569765,1128.9576538695574
BCD/USDT,1.35,31.131180948606353,1.900540584897884,3.431595345759109
BTG/BTC,0.003166,33.75439983276703,0.004004314652191737,0.007927659273487717
BCI/USD,1.21,33.04820377680316,2.051327168927646,1.4648232555407468
XBC/BTC,0.002837,39.103174522455184,0.0036036600576949615,0.00538102597500607
BTCP/BTC,0.0006657,28.767339267032582,0.0009552296357265599,0.0005217137038122965
BTCD/BTC,0.0025,13.352522316592863,0.005367495299713964,0.009220318177792775
BTX/BTC,0.00023,48.23243161374458,0.00027013938153628544,0.0008512392320049325
BCY/BTC,1.629e-05,42.310691781239534,2.2024081695511783e-05,3.719826258246538e-05
CSNO/BTC,9e-06,47.29646411580291,9.694429254500972e-06,1.512977366464973e-05
STU/BTC,1e-06,40.7766778004859,1.5074796432353296e-06,3.399700848571414e-06
BTM/BTC,1.583e-05,28.4027148157915,3.0486091602653467e-05,7.236665159482659e-05
BTS/BTC,1.895e-05,28.58328350271458,2.3806610916117074e-05,2.6384864768648498e-05
BSTN/BTC,5e-08,45.165147096093676,4.4144665562532624e-08,1.6013146137223056e-08
TUBE/BTC,7.56e-06,37.38696630579448,9.180021044492605e-06,4.669920504809013e-06
BLK/BTC,1.166e-05,30.49234448283969,1.7729098199563467e-05,2.8472723101290086e-05
BMC/USDT,0.4031,30.93976861400773,0.5233105981023097,0.2569298631019431
ARY/BTC,3.89e-06,29.07105772339839,6.050630675041955e-06,8.489534504996403e-06
BCPT/BTC,1.549e-05,26.95100647427624,2.4038332100762468e-05,4.329760178822968e-05
BMH/BTC,3.9e-07,32.652507882947056,9.513244340551974e-07,6.621483908956338e-07
BLOCK/BTC,0.00092,22.80530862604468,0.0015700043487320693,0.002205700926115923
BPT/BTC,1.6e-05,37.636954441246935,2.138054878636357e-05,2.415532157622697e-05
TIX/BTC,2.393e-05,28.79233679276833,3.2339785760733304e-05,5.355580865045365e-05
VEE/BTC,1.63e-06,27.285153850026735,2.5609042620342065e-06,2.3260032592856923e-06
BLT/BTC,2.093e-05,30.37580088764883,2.7085702836793884e-05,1.3533429499209804e-05
CDT/BTC,1.93e-06,21.497762103489084,3.251035382591681e-06,5.5729396826535784e-06
BLZ/BTC,2.356e-05,27.213792214605853,3.789504156294285e-05,3.7622772673791127e-05
BOS/BTC,8.8e-06,39.180243474527806,1.1641590830634318e-05,1.595158447586998e-05
BNTY/BTC,2e-06,36.17109913681437,3.385515061940998e-06,7.811778416995706e-06
BRD/BTC,5.324e-05,48.17988272465305,5.753097636760512e-05,6.753739510721855e-05
BRK/BTC,1.009e-05,37.65880900955539,1.2423773369996413e-05,2.3230938069917022e-05
BRX/BTC,3.272e-05,28.74147644369248,5.2600625556447264e-05,8.742391940692067e-05
BT2/BTC,0.0008102,34.09495501112046,0.002163333041769381,0.0045655450410179346
BUBO/USDT,0.01147,34.4414250142227,0.018200099947059744,0.014875171024151392
BURST/BTC,1.29e-06,27.18227732406283,1.888919245077757e-06,2.6482816710742838e-06
GBYTE/BTC,0.0105,25.302666065853774,0.01640875202033174,0.028893904043395056
BYC/BTC,3.6e-05,23.378745282857142,4.99091741095105e-05,7.258181290925517e-05
BCN/BTC,2.9e-07,17.661377688893833,4.267556163605326e-07,5.011847899075046e-07
CANN/BTC,2.47e-06,22.876644119096483,3.3225950688761604e-06,5.919045798138722e-06
CAN/BTC,9.36e-06,28.846093685939557,1.339243384729325e-05,2.6688963062777637e-05
CAPP/BTC,1.92e-06,44.88600491774019,2.3570701581529862e-06,2.688549653329025e-06
ADA/USDT,0.1093,33.079110564036604,0.12904697015868924,0.06185850224841229
CXO/BTC,3.75e-06,31.814308280499436,5.23772739290667e-06,5.375913189969264e-06
CTX/BTC,4e-07,42.11647404308127,5.995272638404096e-07,1.7762757525721737e-06
CV/BTC,1.7e-07,40.705997565426635,2.1691046190528685e-07,2.706535870057538e-07
CAS/BTC,2.42e-06,35.76036937821744,3.4890087982254885e-06,4.848618482871273e-06
CBC/BTC,1.323e-05,50.41795879414918,1.310693627721137e-05,6.8872101808471236e-06
CHX/BTC,3.18e-06,52.362485095388536,2.3312342900693194e-06,8.189189037981388e-07
LINK/BTC,4.04e-05,57.26565795805375,3.625111528037066e-05,4.3915956618729356e-05
CAG/BTC,1.591e-05,37.650011135728235,1.8629656436620793e-05,2.4811971998515235e-05
CHAT/BTC,2.8e-06,19.826833037199613,5.260928301588046e-06,7.2468956084007975e-06
TIME/BTC,0.001161,29.64118991835687,0.001446176375236958,0.0007476886861849203
DAY/BTC,0.00013,42.60587962757344,0.00015127655939572055,7.715011923248285e-05
CND/BTC,2.87e-06,29.971443200217017,4.333899896939858e-06,8.00041358159619e-06
COVAL/BTC,4e-07,28.240180726639252,5.167095159491689e-07,9.041473540021693e-07
CVC/BTC,1.987e-05,40.46871287068336,2.264075610920205e-05,1.122160342303454e-05
CLAM/BTC,0.000335,31.53658628544831,0.0003784612548225283,0.0004835339085557016
POLL/BTC,6.8e-05,40.24776006542024,8.082229231358479e-05,0.00011948463737706646
CLOAK/BTC,0.0002939,24.725005353329404,0.0005157278695787376,0.00041876092970431577
CLD/USDT,0.03,50.337820198474624,0.031321683638785715,0.07571769586956666
CFI/BTC,3.93e-06,33.55352437526623,5.3028142112350765e-06,8.939413967309559e-06
COFI/BTC,3.2e-06,51.287836697827515,3.3978411316806614e-06,4.5847314181602186e-06
CL/BTC,2.87e-06,46.73074507323294,3.0751523401470353e-06,1.4214831261575195e-05
CHP/BTC,2.61e-06,37.46800570008698,3.1559202181604717e-06,1.6223007745724602e-06
COIN/BTC,2.55e-05,42.107818640029734,2.5505358150749415e-05,1.0663466703951689e-05
CLN/BTC,3.64e-06,56.56268968884972,2.5310937634795893e-06,8.85713359703763e-07
CBT/BTC,1.8e-06,39.003979679793375,2.8899120460802436e-06,3.1610791177425473e-06
CPY/BTC,6.7e-06,32.6890270885385,1.0823938537114875e-05,1.07759800798048e-05
CTXC/USDT,0.2768,24.600713995850327,0.5481305708987848,0.3828957698953103
COSS/BTC,1e-05,44.12938557857581,1.386465855536337e-05,3.163697682382803e-05
XCP/BTC,0.0006195,19.544612966017088,0.0010253332656341887,0.0018419462876108888
COV/BTC,0.0001228,41.498315052782075,0.00013282903385735217,9.004411219399087e-05
CRB/BTC,5e-06,28.322922451350685,8.58874056550471e-06,1.3628196760815392e-05
CMCT/BTC,3.85e-06,52.95247505025312,2.909994804437049e-06,1.1104943924639701e-06
CRW/BTC,4.528e-05,36.29049605552371,6.798716085946938e-05,0.0001439145970251999
CPT/BTC,3.1e-07,59.63052545864292,2.1800789017760124e-07,7.751548902328813e-08
CRPT/BTC,7.27e-05,48.594084196288996,7.435254817339346e-05,5.045089727388825e-05
C20/BTC,0.0001151,32.90497090897085,0.00013810248516418923,0.0001399424502768183
CNX/BTC,0.0003,45.79882034894487,0.00035897064449782795,0.0004907287249825606
PING/BTC,1.6e-05,43.76051058255858,2.1700718231762302e-05,3.771182463744958e-05
AUTO/BTC,7.6e-07,45.140496477536175,8.530005911005518e-07,7.217859767773708e-07
CURE/BTC,1.705e-05,25.767412900399776,2.436777410606412e-05,3.564076385088166e-05
CVCOIN/BTC,8.167e-05,62.263735958807196,4.991035235188682e-05,1.800600720676221e-05
DADI/BTC,1.464e-05,50.08647172298715,1.5835082357432526e-05,1.032458193837721e-05
DAN/BTC,3.95e-06,35.71731457453309,4.860997937355763e-06,2.8173007134815307e-06
DASH/BTC,0.02693,30.558709566080378,0.03263080770011273,0.046587532049816964
DSH/BTC,2.72e-06,43.28357865180068,3.3405941634192868e-06,3.3557585230366483e-06
DTA/BTC,3.8e-07,22.319012110333222,8.05441978649858e-07,8.662251424862558e-07
DTB/BTC,4.449e-05,41.0732723528207,5.1717639508468736e-05,6.54092400909101e-05
DAT/BTC,1.64e-06,36.71420463783078,2.227721953032179e-06,2.678382883915214e-06
DATX/BTC,6.1e-07,35.673595809717455,7.360829920074635e-07,3.0326940729696584e-07
DRPU/BTC,2e-05,47.31597772021288,2.3532770170093348e-05,3.444377476398216e-05
DEB/BTC,2.78e-06,40.395828829646476,3.4169018417351577e-06,3.191028385016072e-06
DCT/BTC,2.708e-05,23.282155281182177,4.3457588627397164e-05,7.075719731081093e-05
DBET/BTC,1.367e-05,42.99906738159544,1.4699443227838037e-05,7.2342207994849855e-06
MANA/BTC,1.28e-05,40.67546743528359,1.4627969514367254e-05,1.2349650863404462e-05
HST/BTC,3.751e-05,33.380308131801605,5.4025175314994156e-05,9.047087506308106e-05
DCR/BTC,0.006813,31.798600703921565,0.008814961607121858,0.008623960968215728
DBC/BTC,2.38e-06,19.751716595210574,4.633859633776348e-06,7.053890272123933e-06
ONION/BTC,5.379e-05,31.67996219153556,8.982425296223194e-05,0.00021507604284363432
DPY/USDT,0.2139,16.591216160464285,0.6125977372034771,1.0063431586462
DENT/BTC,2.9e-07,43.95109013103853,2.7414455382057856e-07,1.1341185254867732e-07
DCN/BTC,5e-08,53.71112370721293,4.635717424518794e-08,2.474033629209229e-08
DMD/BTC,0.000403,43.69025056258731,0.00046691993632154395,0.0008394394959474592
DGB/BTC,4.11e-06,32.845053745548306,4.857242704469595e-06,4.4017139726341134e-06
XDN/BTC,5.3e-07,17.993222437209113,8.050902855832903e-07,1.2388491831911215e-06
DGD/BTC,0.009018,19.484403283259947,0.013244465354242582,0.020063925159590587
DIM/USDT,0.0019,23.13954953508386,0.003598781628087473,0.01091427459553181
DNT/BTC,4.06e-06,39.90029352758833,5.198079192150244e-06,7.681049001598025e-06
DMT/BTC,2.883e-05,45.08884314300111,3.3693935368535885e-05,2.5115862819588213e-05
DOGE/USDT,0.002332,33.70263579835302,0.0029670841365507586,0.004353365273301269
DRT/USDT,0.03417,45.68078686405887,0.03416699215985015,0.031504854733118315
DOPE/BTC,2.37e-06,39.42170514432045,3.006878423564189e-06,5.534217938745926e-06
DOV/BTC,3.3e-06,25.477911524426606,6.403994798611348e-06,1.264344915539464e-05
DRG/BTC,2.3e-05,37.505746053751174,3.401906045171368e-05,2.1006203146639086e-05
DRGN/BTC,2.862e-05,31.84520664044996,4.207660610221321e-05,8.578724154402821e-05
DBIX/BTC,0.00027,22.2455553486858,0.0004067510510093126,0.0005774370278692529
DYN/BTC,0.0001972,47.05856193119987,0.0001985628286767092,0.00023535651867264486
EFL/BTC,8.32e-06,46.22464396852977,9.855530497053971e-06,1.637540198253476e-05
EBTC/BTC,7.39e-06,52.30876973209614,7.989358306329876e-06,1.5389948068512244e-05
EBST/BTC,1.155e-05,37.93820598398124,1.5039579605034462e-05,2.4671512575473058e-05
EKO/BTC,1.3e-06,27.535991197234345,2.312367567200098e-06,4.3007616397981725e-06
EDG/BTC,4.425e-05,46.041568510340404,4.847650129846255e-05,7.583878077109486e-05
EDO/BTC,0.0001127,45.37545260344334,0.00012960630677055313,0.0001738374703413627
EMC2/BTC,1.4e-05,33.863531858838876,1.77028792003592e-05,3.221182355069641e-05
XEL/BTC,1.448e-05,27.594973627871227,2.025743409624773e-05,2.8869739933413773e-05
ELA/BTC,0.001099,47.426473370855646,0.0008550989211615662,0.0002869161201867426
ELEC/BTC,1.43e-06,16.76625603044695,3.5741379117696804e-06,3.993032554351149e-06
ETN/BTC,1.18e-06,33.314672411627086,1.6105294844030302e-06,1.417893407553705e-06
ELE/BTC,1.8e-06,52.1953719009982,1.8622071211280865e-06,3.690247276035001e-06
ELIX/BTC,1.6e-05,32.48839216404148,2.6006878033742984e-05,3.266237281012913e-05
EMC/BTC,0.000307,25.99178677039805,0.0003753255579956133,0.00037175339460085926
DNA/BTC,8.45e-06,47.03193203194852,9.939676982169295e-06,1.3352093890889697e-05
ENRG/BTC,3.61e-06,37.06716929968293,4.78200478160284e-06,9.244972043704719e-06
ENG/BTC,0.0001128,27.247258191987278,0.0001698094757399279,0.0002209090008249512
ENJ/BTC,6.2e-06,31.52134877685033,8.061475726652071e-06,5.033104927696908e-06
EVN/BTC,1.74e-05,44.74957548479878,1.9485457969369822e-05,2.493671717351926e-05
EOS/USDT,4.9,23.258100533481443,7.844486551916156,9.09207940720946
ERO/BTC,4e-06,53.887104269663766,3.930856364136078e-06,4.668974633926673e-06
ETBS/BTC,0.00014,46.68981184516451,0.00015694352253302452,0.00018351889362608809
ECH/BTC,1e-05,43.922326446598056,1.0856042542221772e-05,3.432177811200311e-05
ETH/USDT,308.65,21.580942100255218,441.1158972438653,605.5521082033595
ETC/USDT,13.15,34.684111760338624,16.172792530964056,20.56421617561263
DICE/BTC,0.000137,50.757150469344325,0.00014657987690613753,0.00017790199965978063
FUEL/BTC,2.22e-06,18.625029498488747,4.27183953194639e-06,8.096211402394813e-06
LEND/BTC,2.39e-06,26.145238034929037,3.6687567972972457e-06,6.498203507534809e-06
BQX/BTC,7.544e-05,22.301418950333336,0.00016053403707114527,0.00027279560307713797
ERC/BTC,2.777e-05,30.329237548912197,3.6072714299071995e-05,5.0387556988767646e-05
EVX/BTC,7.227e-05,32.21058463764144,9.249303851169471e-05,0.00014514188734422782
EGC/BTC,1.025e-05,29.071634479717822,1.4004524461565323e-05,2.3765182203880856e-05
XUC/USDT,3.74,30.27401279762006,4.608761442274133,6.135679636017478
EXN/BTC,1e-06,46.677410732611065,1.2019391033451987e-06,1.3248409555044139e-06
EXCL/BTC,3.857e-05,14.676342850819701,6.20462197368311e-05,0.00010723780120076923
EXP/BTC,8.852e-05,18.859944758248886,0.00012388709234629634,0.0002138865561848728
EXY/BTC,1.963e-05,46.76130411380521,2.0113822566520237e-05,1.4380004846912598e-05
FACE/BTC,1.2e-06,27.542757175824256,1.609114868703539e-06,8.07955496461202e-07
FCT/BTC,0.0008955,29.88531485449199,0.0012864370680385874,0.0022492519813116897
FCN/BTC,1.5e-05,42.9597933280734,1.6964043530228852e-05,1.887820849360605e-05
FTC/BTC,8.28e-06,30.874455376622134,1.1770588714822416e-05,1.940129385601904e-05
FTX/BTC,2.65e-06,15.863213196809408,4.354802512013676e-06,2.8562504613925297e-06
1ST/BTC,1.454e-05,22.424281220890062,2.047830901411469e-05,2.962245692144858e-05
FLP/BTC,7e-06,47.025316821659885,7.283132236086541e-06,5.744397545127455e-06
FLIXX/BTC,5.25e-06,32.18654171090467,7.859444927994469e-06,1.1389526905899424e-05
FLO/BTC,5.93e-06,58.26162578253445,6.044309881451245e-06,9.51274744932512e-06
FYP/BTC,1.4e-05,55.66932044538244,1.3172691219267894e-05,2.1608828228752956e-05
FLDC/BTC,5.3e-07,32.766652336549114,9.278543457818233e-07,1.8718191754007857e-06
FOTA/BTC,3.73e-06,38.276329375756866,4.316360456916317e-06,4.562018749883919e-06
FREC/BTC,6.5e-07,33.45083297510564,7.614556054775045e-07,3.019469719920713e-07
FDZ/BTC,1.3e-06,45.99161793272772,1.2896166359205141e-06,6.28056425776439e-07
NTO/BTC,1e-07,45.781482445382224,1.901249765514855e-07,4.743151131405867e-07
FUN/BTC,2.73e-06,31.044628955402377,3.4862949087620926e-06,4.696315049066569e-06
FXT/BTC,6.35e-06,57.602172464184974,5.071735892033003e-06,2.4849567767650154e-06
GAM/BTC,0.00064,44.11784855513678,0.0007043017092652622,0.000993499220671382
GTC/USDT,0.0728,38.322827018388864,0.09285192188359279,0.07664783195761013
GAME/BTC,3.418e-05,30.223443324073894,6.655872404495071e-05,0.00015518560736339323
GAS/USDT,4.83,18.63163047220525,10.458476524697678,22.164073636428032
GAT/BTC,5.9e-07,49.746228269718905,6.376996573682646e-07,6.367952585732299e-07
GNX/USDT,0.0683,22.40762003166484,0.13677823592714153,0.24993753233425953
GVT/BTC,0.0008579,33.40958576502577,0.0011718860734045375,0.0016561792597565611
GEO/BTC,9.545e-05,45.06253054416349,0.00011571323589631025,0.00020639649376021882
GTO/USDT,0.0857,27.003835128820835,0.147364825970201,0.17465050998300297
GLA/BTC,1.904e-05,39.78632081054382,2.3944967738477606e-05,1.2429930597231369e-05
GSC/BTC,2.33e-06,23.280454211015993,5.779818577626677e-06,4.36024720789195e-06
GNO/BTC,0.0053,29.56921808828238,0.006873112902584143,0.010423964916687073
GBX/BTC,0.0002069,35.00907197636636,0.0002933965889821701,0.00015978124467512514
GO/BTC,4.15e-06,31.85204448199145,6.146135846811088e-06,2.9081112978008777e-06
GLD/BTC,8.67e-06,46.789734122818054,1.053983798419297e-05,1.5107201247193438e-05
GNT/USDT,0.1627,21.27945077836796,0.28803419320663015,0.3451581545791089
GOLOS/BTC,5.86e-06,40.80408929634728,6.601758138290425e-06,1.0634439419013658e-05
GBG/BTC,5.67e-06,35.192146770485564,6.604661011084781e-06,9.194466667700787e-06
GRMD/BTC,4.3e-06,50.61873545157886,8.204125394555079e-06,1.7515160327901157e-05
GRC/BTC,3.45e-06,36.01947836321037,3.976147252817384e-06,5.328781882616402e-06
GRS/BTC,7.379e-05,41.74699450476117,8.69229747088395e-05,6.146350022077973e-05
NLG/BTC,7.05e-06,39.05624722046427,8.563557102454482e-06,1.181496042295069e-05
GXS/BTC,0.0002574,21.21785110303037,0.00036309525901930873,0.00038919285435024404
HKN/BTC,8.2e-05,25.946224182654188,0.00015456708414555515,0.00017360828076180354
HAC/BTC,6e-07,40.77177302298616,9.621762086878542e-07,2.4748110252615215e-06
HPC/BTC,6e-06,60.366162646631,5.007397747478881e-06,6.429206133769421e-06
HAV/BTC,2.342e-05,32.905786785732644,3.639077432959515e-05,2.725255266700337e-05
HBZ/BTC,8.3e-07,40.02666916686274,9.610278569158322e-07,5.068226142462587e-07
THC/BTC,6.28e-06,33.36776869472051,8.405805271377739e-06,1.276595938856219e-05
HERO/BTC,1.32e-05,51.06026147124814,1.0524670777066561e-05,4.128401113243685e-06
PLAY/BTC,1.73e-06,37.391741664464654,2.4034075462420547e-06,2.4608739170021148e-06
HMC/BTC,2.45e-06,37.16478584503965,2.8193452763726583e-06,2.186032887986451e-06
HIRE/BTC,3.75e-06,59.268451847517554,3.193798995447328e-06,1.612988915827051e-06
HVN/BTC,5.53e-06,43.00338658694912,6.179453463421002e-06,8.007150932120292e-06
HQX/BTC,1.66e-06,37.11517751817603,2.065573232588151e-06,1.0851062906564551e-06
HSR/BTC,0.0005439,30.88822488067169,0.0007305571060018383,0.0009551864408166331
HTML/BTC,2e-08,46.95565566831316,1.720360934706131e-08,6.1521017352212905e-09
HMQ/BTC,9e-06,42.13234499085199,1.0723041618966075e-05,1.7139760390820336e-05
HUC/BTC,8.03e-06,40.18351314369079,9.287264713990056e-06,1.4385519895903667e-05
HOT/USDT,0.0153,24.119052298766636,0.023804392634001265,0.012611269004998357
IOC/BTC,4.147e-05,26.444966673392205,6.584971177615998e-05,0.00014495283316733702
ICX/USDT,0.6438,24.275679288089762,1.080081609174789,0.5613220139140177
ICN/BTC,9.461e-05,65.43131495763154,8.9078845743321e-05,0.00012979778121605297
ICOS/BTC,0.0008,38.6558969530564,0.001218084489401246,0.002180919897872627
RLC/BTC,5.59e-05,24.439614580489103,9.515112750908728e-05,0.0001003717509971645
IGNIS/BTC,9.07e-06,54.79265148198398,9.082849082212745e-06,9.407831148579386e-06
IHT/BTC,3.38e-06,21.005905231576538,8.02747157233027e-06,7.62801959881953e-06
REX/BTC,3.799e-05,57.42514090554344,1.9189946044202523e-05,6.388058070951174e-06
INCNT/BTC,2.727e-05,35.07512815650304,3.212937169056466e-05,3.483146701706165e-05
IDH/BTC,1.69e-06,46.83258880841921,2.122742227599179e-06,4.514429911702643e-06
INDI/BTC,1.4e-06,38.62553922794518,1.866912051259842e-06,2.1671580465891837e-06
INK/USDT,0.02727,29.045144368787888,0.042092708247627675,0.021893921247235902
INS/BTC,4.423e-05,28.17040513969537,7.547110232588177e-05,9.841496743788242e-05
INSUR/BTC,1.3e-07,37.55874546221422,1.8226319548870478e-07,1.1132129538740872e-07
INT/BTC,7e-06,27.099680013638626,1.2471876946619357e-05,1.8235356780506713e-05
IOP/BTC,6.239e-05,23.09364002240198,0.00010506896446759885,0.00023064971456660034
IFT/BTC,1.7e-06,48.474362945610366,1.419743088224457e-06,5.268647254258754e-07
ION/BTC,0.0001424,62.138417363659414,0.00013689014021509672,0.00021301992498375084
IOST/BTC,2.46e-06,34.702405701571074,3.3636196771692478e-06,3.283893173823907e-06
ITC/BTC,3.293e-05,19.929436399975582,6.425855213705204e-05,0.00011719089109443195
IOTX/BTC,1.83e-06,25.707863891720855,2.935844370722025e-06,1.597331473997799e-06
ING/BTC,3.27e-06,29.916533062469146,5.499776393861016e-06,6.962975818208388e-06
IVY/BTC,3.98e-06,41.59912058179556,4.6522617237643105e-06,2.295585705742111e-06
IXT/BTC,1.6e-05,23.30772731277474,3.9882489350344895e-05,5.9676785002218064e-05
J8T/BTC,1.2e-06,43.97269184955822,1.3379864160308506e-06,1.0249058210339368e-06
JNT/BTC,1.521e-05,27.953737300197506,2.3469311323586358e-05,2.2393921687294995e-05
KBC/BTC,1.1e-06,54.903455704682244,7.891442109345193e-07,2.943356112620958e-07
KCASH/USDT,0.0465,22.487533398454442,0.07729557318376698,0.10066212667026136
KICK/BTC,7.8e-06,34.94556952971315,1.0703995426805193e-05,4.691368993268562e-06
KMD/BTC,0.0001937,45.14793215876921,0.00022562058023350477,0.0003439534267594942
KORE/BTC,0.0001208,20.025795229366892,0.0001981816828076001,0.00030497289203050977
KBR/BTC,2e-07,39.58760548869839,2.9162294177933684e-07,1.2152479516935135e-06
KCS/BTC,0.0002713,26.82758878627923,0.000358699409018656,0.0004170783798031046
KNC/BTC,7.904e-05,19.405212769169573,0.00012007831871535806,0.0001595359510110956
LALA/BTC,1.02e-06,26.680824937254773,2.469077525647685e-06,1.8036940428078883e-06
TAU/BTC,7.4e-06,47.37427103353968,9.19067985505982e-06,1.0703529083747224e-05
PIX/BTC,1.1e-06,31.417655624560442,1.6660187615805528e-06,3.917805998004417e-06
LA/BTC,1.129e-05,28.36101154619129,1.5200544391562566e-05,2.273757232949723e-05
LBC/BTC,1.012e-05,25.6301712008884,1.537176282233602e-05,2.804559636826848e-05
LDC/BTC,2.9e-07,35.070516529190535,5.198072779030211e-07,4.583744472282712e-07
LUC/BTC,5.4e-07,43.434697648052236,6.512856658899055e-07,3.5797257688382424e-07
LEV/BTC,5e-06,39.581392747285314,6.252083829711544e-06,5.45532964767612e-06
LIFE/BTC,2e-08,52.67873196572954,1.9724098594489012e-08,5.6154077850514024e-08
LIGHT/BTC,3e-08,7.835315203159022,7.888474551954297e-08,5.6371853646317366e-08
LSK/BTC,0.0004545,19.573815820411912,0.0006968369812272123,0.0011956276781046732
LTC/BTC,0.009102,20.95751793187625,0.011453388241241681,0.014771919891197732
LCC/BTC,6.61e-06,63.14620660738576,3.474970860868855e-06,1.2296537285183913e-06
LOCI/BTC,7.35e-06,36.26562506395563,1.0830933359180352e-05,1.1124988191876795e-05
LMC/BTC,2.13e-06,31.232960997562003,3.2140808815902446e-06,5.76690552866494e-06
LOOM/BTC,1.479e-05,27.433300134605982,2.1916438056486496e-05,1.1207052131512587e-05
LRC/USDT,0.1159,21.713406180613763,0.26422557290366067,0.4316094337224046
LUN/BTC,0.0006554,28.132918121776957,0.0009583640909919142,0.0013374190584326436
LYM/BTC,2.14e-06,23.334294510181515,4.9194692483894474e-06,3.860420865499619e-06
ART/BTC,3.2e-05,41.19326745415003,4.5818893252057154e-05,6.0120866840928695e-05
XMG/BTC,1.133e-05,29.190790430554337,1.7144198437097314e-05,3.421996474592561e-05
MAID/BTC,4.775e-05,32.3968775247036,5.254848527249879e-05,4.9220587795292555e-05
MFT/BTC,9.8e-07,32.5323096494326,1.192813265868319e-06,4.912386349365616e-07
MKR/BTC,0.07352,43.126114049315916,0.08207575093655771,0.07025087470334745
GUP/BTC,1.404e-05,37.68266471660047,1.7986125198335572e-05,3.0261462077172973e-05
MAN/BTC,4.318e-05,33.10346666151026,5.1763880797432744e-05,2.619683092717659e-05
MTX/BTC,1.52e-05,34.865364706261865,2.275635793834437e-05,1.200696699828197e-05
MCAP/BTC,3e-06,39.71298577451811,4.989006639865201e-06,2.3370280843189855e-05
MCO/BTC,0.0007869,35.20709130187555,0.0009519631426606365,0.0008717984145211333
MLN/BTC,0.001528,25.19435229318903,0.0031581595290721283,0.0067457616225857844
MEME/BTC,8.91e-06,25.798215679231294,1.3646975803085746e-05,2.830504289824832e-05
MER/BTC,1.415e-05,34.92391521908726,1.775178136927808e-05,2.8508299917728733e-05
MTL/BTC,0.0001132,20.754169447583052,0.0001884877068677176,0.00034378500124660903
ETP/USD,2.5,68.64073072612109,1.8046251894509777,1.6940244949421783
AMM/USDT,0.0561,37.292357231250044,0.0917073478469024,0.24538108990748903
MNE/BTC,1e-05,42.957242577459745,1.3135176647683325e-05,2.8677330159970245e-05
MITH/BTC,5.859e-05,32.26959946036033,7.957082098360716e-05,4.9865887261072343e-05
EMGO/BTC,2.5e-05,50.218768698006734,2.7503761093645478e-05,4.327233596084015e-05
MOBI/BTC,6.03e-06,35.838815268347865,6.6945486930117555e-06,3.098255765355384e-06
MOD/BTC,0.0001202,45.70230477582881,0.00014224832916148302,0.0002383973090522549
MDA/BTC,6.182e-05,22.896518149266385,7.759818641259888e-05,0.00010744365454000158
MOF/BTC,2.003e-05,25.0918697354224,3.0024541225491313e-05,1.8153057504827066e-05
MONA/BTC,0.0002593,43.002686891223554,0.00030707553191849316,0.00043655758804089507
XMR/BTC,0.01462,29.2308486751063,0.01782133313884676,0.022292447030052814
XMO/BTC,0.0002004,16.86170982843148,0.0003848519390014146,0.00026968859855419706
MUE/BTC,5.15e-06,20.79174648303088,8.603038466290819e-06,1.3642519361666294e-05
MTH/BTC,3.72e-06,27.786659131003784,5.4126992417489025e-06,1.0884799202497048e-05
MITX/BTC,1.61e-06,38.33886486029334,1.634200873596068e-06,6.064980381353464e-07
MUSIC/BTC,7.2e-07,31.29295693864761,9.608844335774426e-07,1.7097502924576926e-06
XMY/BTC,4.3e-07,32.61079126547198,5.426551831582988e-07,8.860543640731079e-07
NGC/BTC,5.039e-05,43.95230741032729,4.917421369189829e-05,2.2696370791446654e-05
NMC/BTC,0.0001071,32.73449732445775,0.00015208862394961491,0.00021449478386734226
NANO/BTC,0.0001809,21.6336175521704,0.00031607264421927377,0.0004481475358990072
NAV/BTC,4.14e-05,25.967734150055488,6.257662753022674e-05,0.00010577557913570042
NAVI/BTC,7.8e-07,42.711551859142325,9.902832342601598e-07,6.753118802971541e-07
NEBL/BTC,0.0003142,23.634963456553496,0.0005192166783508719,0.0008994149558018603
NAS/BTC,0.0002343,35.64504736629807,0.00026259988993300904,0.00010785833818692537
XEM/BTC,1.72e-05,17.016155712019906,2.3603949142562323e-05,3.886250334039494e-05
NEO/USDT,17.61,21.026572137906417,32.42257990251939,60.62881127908888
NEOS/BTC,0.0001445,36.24114211735996,0.00019677710827919795,0.0003508115569907306
NEU/BTC,7.67e-05,50.879175120160326,6.621621057641468e-05,2.8883868381210138e-05
NTK/BTC,1.143e-05,47.72019148233035,9.113622984296153e-06,3.2562883417521843e-06
NXC/BTC,4.1e-06,24.70739195731629,8.642938578736036e-06,1.736443285952046e-05
NEXO/BTC,9.4e-06,40.62903732389221,1.212439545840541e-05,7.266630514901171e-06
NXS/BTC,0.0001438,34.00796195832861,0.00016049828132130546,7.952405815092293e-05
NOAH/BTC,1.1e-07,22.45604518452512,3.136846945234711e-07,2.4257404218637015e-07
NLC2/BTC,4.92e-06,63.59602574158062,3.3613370563870518e-06,1.3196465339563222e-06
NBT/BTC,2.005e-05,25.68319614512258,3.12536422896897e-05,5.663066267192385e-05
NCASH/BTC,9.4e-07,19.41275381177895,1.7081329824988268e-06,1.962429197482927e-06
NULS/BTC,0.000209,22.283745426125382,0.000316815429246853,0.0003293359615292838
NMR/BTC,0.001156,50.548620140974776,0.0011571361817941052,0.0015843805593115396
NXT/BTC,1.273e-05,53.53585858477972,1.3461085003677068e-05,2.136821181863518e-05
OAX/BTC,2.657e-05,22.375675907923426,4.3498904307535636e-05,6.318601687107992e-05
ODN/BTC,6e-06,43.143150559345614,6.756277709651105e-06,2.0943430462848288e-05
OTX/BTC,1.7e-06,38.5186682830794,2.340310454000281e-06,5.734855518600341e-06
OCN/BTC,6.1e-07,25.33797235610324,8.489923117368894e-07,4.4181892875692584e-07
OF/BTC,4e-08,26.06021138004791,8.100929631411852e-08,5.66092876306351e-08
OK/BTC,6.6e-06,29.15769752023312,9.580293535052801e-06,1.8878060185539896e-05
MOT/USDT,0.2048,31.09280974593469,0.27394928936618573,0.3051877878672025
OMG/BTC,0.000698,25.75875244225665,0.000961842984928357,0.0012495326039957822
OMNI/BTC,0.001081,24.706323656622693,0.0017483817395356652,0.003141807872549833
OLT/BTC,1.84e-06,33.483609912129765,2.585210322071278e-06,9.840847034744688e-07
RNT/USDT,0.047,31.467539108035353,0.05971378749701553,0.06139035058958299
ONT/USDT,1.51,23.130397654674756,2.8766859573389114,1.5628278586704545
OPEN/BTC,4.56e-06,31.38617122105566,7.952825012553882e-06,4.9294701649862925e-06
OTN/BTC,0.00017,46.668349556969474,0.00019907874663275353,0.00037891617022817013
OPT/BTC,1e-06,40.152805454673754,2.3431634920561117e-06,3.4900719806148716e-06
TRAC/BTC,7.31e-06,29.645387420142484,1.2117446864413544e-05,7.4639218646479086e-06
ORME/BTC,7e-05,44.424819810940704,8.579930149083685e-05,0.0001334159996949698
OST/BTC,5.08e-06,34.993474484910635,9.22935999280369e-06,1.811374354945119e-05
PRL/BTC,9.5e-06,26.07481197149162,2.070066892858353e-05,5.70839174301275e-05
SHL/BTC,1.83e-06,34.46225937164085,3.156587159034363e-06,1.9544132784890226e-06
PRG/USDT,0.08531,34.910012092836716,0.11627908676722228,0.2190821521430917
PARETO/BTC,9e-07,26.71884883266748,2.1965981363920046e-06,3.099772393240859e-06
PART/BTC,0.0006031,36.23718017403737,0.0007473777672799328,0.0013117141586686174
PASC/BTC,5.22e-05,29.906947015890573,7.297843457482516e-05,0.00011151146085301406
PTOY/BTC,6.28e-06,29.24484297964693,9.028978837283818e-06,1.6843727258965727e-05
PAT/BTC,1.9e-06,38.83573225266997,3.1715437636801756e-06,2.0057641906392048e-06
PMNT/BTC,2.1e-07,41.39756327035741,2.787314245190353e-07,1.4868923762047562e-07
PCL/BTC,3.7e-07,43.04486484353306,4.3785376197818007e-07,2.6131002630271294e-07
PPC/BTC,0.000156,49.396185018331884,0.0001772540220094161,0.00026224643677933416
PNT/BTC,3e-07,40.875513067877705,5.017402986111732e-07,3.036438292566135e-07
PTC/BTC,2.68e-06,40.78400639881931,3.18097689295632e-06,4.569302543366552e-06
SOUL/BTC,2.315e-05,56.94240705621972,2.1514561108675116e-05,1.0153071482151264e-05
PLR/BTC,1e-05,43.1463586725965,1.994301838980118e-05,4.146354004903941e-05
PINK/BTC,8.8e-07,31.837617982911908,1.350959442996708e-06,2.327556503607583e-06
PIVX/BTC,0.00018,28.32739894181044,0.0002719337227511939,0.0003133941759727587
PKT/BTC,2.9e-05,36.09485665066945,3.82726361224711e-05,1.9952274501928076e-05
PLU/BTC,0.0004625,38.35564190777613,0.000628005299382932,0.0010387166406691745
POE/BTC,1.59e-06,27.801357666162485,2.3733223055778176e-06,4.001033895689794e-06
POA/BTC,1.227e-05,21.746989447216688,2.3537560238641985e-05,2.752385023902651e-05
PLBT/BTC,0.000342,46.98187250047102,0.00038295093350117107,0.000413377869863632
NCT/USDT,0.003686,53.47709418624819,0.0037467643980946415,0.002705478835987226
PPT/USDT,4.1,30.535467524013814,6.457929056744454,14.194367657626266
POT/BTC,4.38e-06,30.416927961423713,6.749276154970385e-06,1.2437317572076043e-05
POWR/BTC,3.027e-05,31.929659881119786,3.876964401863878e-05,5.140657643844637e-05
PRE/BTC,3.03e-05,77.96171250961227,3.0250659371869025e-05,2.482881298106421e-05
PST/USDT,0.1609,27.69379387801112,0.2899174075909864,0.2574041526137505
XPM/BTC,0.0001501,41.07830291650372,0.0001767624773449318,0.00014714820216574665
PRA/USDT,0.1482,28.273916413977762,0.20520784813790477,0.12656040331491852
PRO/BTC,6.563e-05,33.03990241471296,8.516408327721855e-05,4.96001464661681e-05
PBL/BTC,1.652e-05,40.35085543789364,2.0058765634092675e-05,3.422892224858381e-05
NPXS/BTC,2.5e-07,35.035416750224755,3.654965748805465e-07,1.958396438587612e-07
PURA/BTC,1.415e-05,49.007006651989826,1.480821238193255e-05,2.551992839139909e-05
QLC/BTC,7.84e-06,57.632830960396134,8.265810758161893e-06,7.129990336668973e-06
QTUM/USDT,4.56,19.69310874686497,7.891922841820002,18.086917847216853
QSP/BTC,5.91e-06,26.10882398227045,9.723353155326919e-06,1.734959044944731e-05
QAU/BTC,1.2e-05,29.97896382300553,1.6840380533198137e-05,1.8799716325548083e-05
QRL/BTC,5.502e-05,36.51552000390541,7.071241817944665e-05,0.00010580587122460667
QKC/BTC,4.86e-06,26.413739554492206,8.86828969395613e-06,4.724534390256315e-06
QUN/BTC,1.8e-06,49.519812352473274,2.144336591611484e-06,2.576634557215602e-06
QVT/BTC,2.76e-06,40.934912301517286,8.347035536509099e-06,2.9188933353397197e-05
QWARK/BTC,4.1e-06,36.06530001604669,5.593862982267347e-06,1.1077965814227851e-05
RADS/BTC,0.0002286,30.106351558638245,0.0003149808896769606,0.000500994485800489
RHOC/BTC,7.099e-05,30.695436274848774,0.00010102188850785734,0.00012426366373814233
READ/BTC,9.1e-07,44.5704841844132,1.143934580174469e-06,2.00892712473701e-06
RCT/USDT,0.0058,25.28726718148088,0.0270575404141352,0.029719047162150413
RPX/BTC,2.61e-06,19.95550959196234,4.635087670258789e-06,5.359891366003709e-06
RDD/BTC,4.1e-07,20.866730938274692,5.815075579067251e-07,7.251698986020511e-07
RFR/BTC,7.8e-07,43.90610640138334,8.885309077627819e-07,7.422942391132228e-07
REF/BTC,0.00015,44.406170981478276,0.00025717711944542033,0.0005390707280142498
BERRY/BTC,1.76e-06,36.23806643849826,2.5777397903504942e-06,2.3655208902410523e-06
REN/BTC,4.14e-06,31.61595744112532,6.206862785646059e-06,5.195032164225484e-06
REQ/BTC,6.22e-06,32.70351205226846,9.891793240593778e-06,2.031938972775986e-05
MWAT/BTC,2.79e-06,51.285284691546885,3.059303645730916e-06,2.928687853226136e-06
R/BTC,1.944e-05,21.23518811441756,3.6169284977615696e-05,4.813279478138701e-05
RVR/BTC,5.38e-06,29.529290632492245,6.742673473999182e-06,5.407393649849132e-06
RCN/BTC,3.98e-06,25.448717063726566,6.263033234040613e-06,1.2133703523450995e-05
RVT/BTC,1.9e-05,39.57630728665901,2.7107994226477913e-05,5.1510492689209925e-05
RBY/BTC,4.004e-05,43.603463569061674,4.461565329142665e-05,6.074915349603196e-05
SALT/BTC,9.4e-05,30.768732668165622,0.00014883807103166993,0.0003321381060167851
SLS/BTC,0.002747,27.32085491355481,0.0034980918065047784,0.004813816776723244
SAN/USDT,0.5347,32.791694592682184,0.9003496972221973,1.2892562096450861
B2X/USDT,17.41,30.29225628766843,19.933718657813746,9.609318312699793
KEY/BTC,9.6e-07,34.48070483361387,1.221453894011038e-06,5.50439412323184e-07
SSC/BTC,2.49e-06,32.850829886840884,4.047139015849896e-06,5.963067769011373e-06
SENT/BTC,5.2e-07,28.54016737970646,8.869261195668578e-07,6.955047848529817e-07
SEQ/BTC,1.686e-05,49.613226651794854,1.676902432997998e-05,2.090457583114541e-05
SETH/BTC,1.864e-05,42.12534163934079,2.0483138282499746e-05,1.0419839858912486e-05
SHIFT/BTC,0.000112,31.455693234775538,0.00015540057048462992,0.0002540736667026739
SHIP/BTC,3.8e-06,41.33547418202415,4.882089312148473e-06,3.348077634797287e-06
OMX/BTC,1.15e-06,51.408486489675056,9.368780776195653e-07,3.7730830765879246e-07
SHOW/USDT,0.001308,29.121000683150438,0.0021081281337339206,0.0019371797057268299
SC/BTC,9e-07,19.35821844497563,1.3953686327869293e-06,1.944960398451134e-06
SIB/BTC,5.303e-05,36.216828874990284,6.54649360777457e-05,0.00013037667066042298
SNGLS/BTC,3.47e-06,23.805481633208768,5.047512949051507e-06,9.427896207871324e-06
AGI/BTC,8.63e-06,34.8026025230985,1.1128346950538832e-05,5.824165079284713e-06
SRN/BTC,1.423e-05,26.099292631183324,2.172019340547455e-05,2.0674172719415304e-05
SKIN/BTC,1.69e-06,35.807015387317115,1.8952937617501436e-06,1.9619687113807177e-06
SKY/BTC,0.000434,25.401922135698257,0.0007556382283655117,0.00044719419381780733
SMART/USDT,0.0534,28.131706241532246,0.07567126807917608,0.22257011525056378
SMT/BTC,7.71e-06,82.79203106288782,7.70620408487143e-06,6.315682802673845e-06
SNOV/BTC,7.9e-07,22.098223204847383,1.2898053161708308e-06,3.0470144174332814e-06
SCL/BTC,2.2e-05,40.249528184578494,2.347011029106834e-05,2.8215387777246034e-05
SLR/BTC,1.666e-05,42.53537646640296,2.1732428580058888e-05,3.897458572321846e-05
XLR/BTC,0.0002991,40.411300610293864,0.0004035275429173115,0.0007152995445629248
SNM/BTC,1.028e-05,29.592001027827692,1.662887949884503e-05,2.15095267683382e-05
SPHTX/BTC,1.32e-05,30.74790859171706,2.0301611554052097e-05,1.0514197607735584e-05
SIG/BTC,9.6e-07,35.82191423659191,1.444076401327777e-06,1.0383575596429473e-06
SMS/USDT,15.7,57.46076852763633,10.99143574585429,32.84040151756673
SPHR/BTC,6.92e-05,19.09884114280792,0.00012387748674506216,0.00025795044830157523
SPF/BTC,2.25e-06,25.935385936247986,5.504033406512952e-06,9.524747326618743e-06
SPR/BTC,2.073e-05,18.940764217179833,3.172479460613396e-05,4.960712032832604e-05
STC/USDT,0.0086,29.026198882681815,0.026208602292733876,0.02996623089075197
SNT/BTC,6.55e-06,20.568815773675077,9.240914885225903e-06,1.3544252497205772e-05
XST/BTC,1.62e-05,32.36730870489821,2.3485076279382356e-05,3.506607537984314e-05
STEEM/BTC,0.0001537,29.027318908202215,0.00019879735031189024,0.0002044799355446801
XLM/BTC,3.409e-05,47.39327020851223,3.507395215380195e-05,3.459237671502369e-05
STK/BTC,2.1e-06,27.51695350651907,3.85135964605162e-06,4.201456260140091e-06
SCC/BTC,5.1e-07,67.45588430114813,3.348195957809227e-07,1.1689150660264596e-07
STQ/BTC,3.4e-07,27.76109432832396,5.517422189091166e-07,3.966705053219449e-07
STORJ/BTC,5.977e-05,42.743761321881315,6.907273961919684e-05,9.186020586921906e-05
STORM/BTC,1.36e-06,17.99302158353273,2.320271300531364e-06,2.2881684789287697e-06
STX/USDT,0.1218,24.91092663329181,0.24785763550370835,0.40880418806527796
STAK/BTC,8.4e-06,35.30300360853895,1.5057474746013753e-05,9.321644921246565e-06
STRAT/BTC,0.0002491,26.56572502915534,0.00036082481123662176,0.000598991420416187
DATA/BTC,5.25e-06,20.576860719596173,7.618486523870928e-06,3.991818176203662e-06
SUB/BTC,1.971e-05,29.042390367572818,3.0128814687752813e-05,5.243310897246823e-05
SNC/BTC,7.15e-06,32.65395119353967,1.1000359487503679e-05,1.325156811374676e-05
SBTC/BTC,0.00043,31.524421891590926,0.0007112473944630436,0.0013297474334743014
SUR/BTC,0.0003,49.22226243818359,0.0003328252274737727,0.0004134527563220264
SWM/BTC,2.78e-05,59.626164611972165,1.8697138860733825e-05,6.6051095189448505e-06
SWT/BTC,4.91e-05,26.511604560068086,8.056141996045183e-05,0.00015580042145856815
SWFTC/BTC,3.9e-07,17.562882866275995,7.907137772612754e-07,1.2321578147566244e-06
CHSB/BTC,1.53e-06,43.19039518651965,1.8065129938131152e-06,2.111219944920525e-06
SYNX/BTC,1.327e-05,22.61973709419091,2.160622064388357e-05,4.242373101109721e-05
AMP/BTC,1.182e-05,28.776496071931092,1.6894029816148944e-05,2.793752300419387e-05
SYS/BTC,1.65e-05,35.49279366076,2.3171713207197614e-05,1.758527680300531e-05
TAAS/BTC,0.0001558,30.143814625707726,0.00025993675458984964,0.00043730417003251743
TGT/BTC,4e-07,43.61372699660523,5.466108032651361e-07,1.1980751618646493e-06
TFD/BTC,2.34e-06,31.03365406769567,2.9900434611989525e-06,1.4431752405654582e-06
TEL/BTC,1.1e-07,44.8651274029102,1.3597150459205435e-07,1.8003777275520617e-07
PAY/BTC,8.921e-05,37.42671743175119,0.0001103192627223827,0.0001246288086251249
USDT/USD,0.9989,50.095966967426605,0.9989593987865641,1.0001955397992524
XTZ/USDT,1.55,30.20546771135843,2.4156275505345626,3.331835405845248
ABYSS/BTC,4.23e-06,53.005614823548996,3.7428017534647126e-06,1.8305866320646071e-06
TKY/BTC,7.2e-07,21.601452329871943,1.1693972813097464e-06,1.2962403349795089e-06
THETA/BTC,1.416e-05,36.09393797850616,1.876070914933351e-05,1.6207681793048294e-05
TNT/USDT,0.0226,27.16092345610339,0.04041304492792307,0.09317485651262353
TNB/BTC,2.17e-06,36.75166545038466,2.9765855914915526e-06,4.253830395087078e-06
TKN/BTC,9.21e-05,40.02487750599139,0.0001221760658108215,0.00014341528820875282
TCT/USDT,0.0365,50.207223896715945,0.03961017623949119,0.032646230702460116
TDS/BTC,4.87e-06,56.81492866728394,3.271759271455419e-06,1.1387631651022037e-06
TKS/BTC,8.707e-05,31.795019397071954,0.0001188340435467069,0.00022316461419673788
TOMO/BTC,3.733e-05,38.19920439088709,4.461756664289182e-05,2.277747249291497e-05
TOPC/USDT,0.0077,18.943576486167107,0.015152523684678215,0.010404018799709924
TIO/BTC,2.602e-05,27.093037824541927,4.411428890152682e-05,3.734636038333671e-05
BBC/BTC,3.5e-06,52.33675723433044,3.3604665078885494e-06,2.0329781064644136e-06
TX/BTC,6.295e-05,49.06990390289421,6.861190830301127e-05,0.00012565775197918852
TMT/BTC,2.05e-06,38.75616412869765,2.2615703733293553e-06,1.0719476681515875e-06
TRIG/BTC,2.85e-05,26.735274265921415,5.059225849546912e-05,9.852458839191056e-05
TNC/BTC,2.06e-06,31.102283938895308,4.233227420934535e-06,8.446757383875024e-06
TRIO/USDT,0.0034,23.747900489737226,0.0074334111240289096,0.005223151987591876
TRX/BTC,3.66e-06,25.141125673256493,4.999209579026174e-06,5.125098808792201e-06
TRUE/BTC,6.718e-05,22.82665736571186,0.0001196352380181278,8.493969884954244e-05
TFL/BTC,7.026e-05,22.719514375676862,8.733283224320543e-05,9.73928236045356e-05
TUSD/USDT,1.0,72.06363766230346,0.9148656221294673,0.4291183397090223
TRUST/BTC,5.02e-06,54.03944827010135,5.050550443568871e-06,9.659904379368864e-06
UUU/BTC,1.7e-07,47.924611723282126,1.3629607668030084e-07,4.780699761045348e-08
UBQ/BTC,0.0001008,24.664931397686466,0.00014168908499184713,0.0002102462483231296
UCT/BTC,4.66e-06,30.696094111008797,7.655521246436173e-06,5.208758290301281e-06
UGC/USDT,0.0182,28.853682401989904,0.026658823384856065,0.04318963839597409
UNB/BTC,3.715e-05,34.34036696006293,4.60007338580479e-05,7.604794446381733e-05
UKG/BTC,8.87e-06,25.282460776620862,1.263321873598215e-05,2.3998616657391996e-05
UBTC/BTC,0.0003944,37.581926276394185,0.0005910715029864994,0.0011648041422376385
UTT/BTC,9e-05,57.86683614498557,7.02498307279647e-05,6.255479039893333e-05
UP/BTC,8.19e-06,52.9452352529845,8.327545489680808e-06,7.293665217591106e-06
UTK/BTC,5.24e-06,31.053907750116526,9.014474416351543e-06,1.0804366059291478e-05
VET/USDT,0.00892,23.736660392983083,0.6184658013585927,0.3018189425198738
XVG/BTC,2.09e-06,21.102464084924417,3.285251567191671e-06,5.367565325993581e-06
VRC/BTC,2.559e-05,21.026944908957947,3.932851833260495e-05,6.350654897668492e-05
VERI/BTC,0.004486,35.93062198464777,0.006386950967857599,0.013906573022905877
VRM/BTC,0.000113,25.82513726964615,0.0001687222223211305,0.00031281525771310794
VTC/BTC,0.0001253,43.00079740178304,0.00015134050649807503,0.0002564486992318731
VIA/BTC,0.0001385,35.158401595910405,0.00016386359363949494,0.00015514268241641682
VIBE/BTC,5.18e-06,21.98053835192822,9.749218027869707e-06,2.2354508528523964e-05
VIB/BTC,6.43e-06,33.00683635533057,9.865155874756183e-06,1.7579807851580748e-05
VIT/BTC,1.14e-06,49.20481657292152,1.3787011885312458e-06,1.0851223776028579e-06
VIU/BTC,1.4e-07,30.15800609634137,2.835311779182397e-07,5.088173566207004e-07
VOISE/BTC,4e-07,49.77945578432997,5.038734175762864e-07,1.5884295041694187e-06
IPL/BTC,2.92e-06,43.70710651259825,3.5961211638261167e-06,5.546232931970697e-06
WABI/BTC,2.692e-05,26.997918926495977,4.702822382975143e-05,9.977892407737502e-05
WTC/BTC,0.0004241,20.87994878401051,0.0008108963506035,0.0012875270333478001
WAN/BTC,0.0001453,26.09573688545227,0.000281954225592774,0.00028221085508213457
WAVES/BTC,0.0002911,38.76451811067676,0.00036878860072439427,0.00047457523650870555
WAX/BTC,1.345e-05,36.40437239434709,1.733282661884115e-05,1.4729599477830043e-05
WPR/BTC,3.55e-06,28.580212504141468,5.467301810959955e-06,4.274266217778877e-06
TRST/BTC,4.03e-06,39.634838024979274,6.3500381638425325e-06,2.1921938495574998e-05
XWC/BTC,1.484e-05,38.94269601818907,1.5862604100349142e-05,1.3996661470598233e-05
WILD/BTC,1.85e-06,52.00067798102129,1.8227278450988526e-06,9.4381699299056e-07
WINGS/BTC,2.313e-05,37.33937977358725,3.057728545227346e-05,4.588401094453444e-05
WRC/BTC,9e-07,34.51235812072303,2.1162456050336284e-06,6.281745598280594e-06
XAUR/BTC,5.39e-06,56.48664896152054,5.482434260155444e-06,8.452667742575583e-06
XRP/BTC,4.793e-05,25.318593735490282,6.334339607819873e-05,7.939360425951001e-05
YEE/BTC,1.19e-06,27.05642718481429,1.7370405645024917e-06,1.714548185517435e-06
ZAP/BTC,3.4e-06,33.47359546557122,5.965151199702307e-06,1.441059593176264e-05
ZEC/BTC,0.02514,44.247191596160185,0.02690627392691326,0.03144658673800237
ZCL/BTC,0.001998,57.73456701440546,0.0016406584149556052,0.003328350137352938
XZC/BTC,0.001955,41.19024484417084,0.0023574198592323592,0.003830236493458578
ZPT/BTC,6.32e-06,51.333628151679136,6.3294964703538e-06,6.621633913024209e-06
ZEN/BTC,0.003093,43.63132819642328,0.003012592893340251,0.0013894578188130618
ZSC/BTC,1.1e-06,44.575623652311656,1.3285308508764775e-06,1.9843476658354983e-06
ZIL/BTC,5.78e-06,25.418673615588478,9.419432876698381e-06,7.23481247571855e-06
ZINC/BTC,1.629e-05,51.42243922723878,1.2848346660386628e-05,4.984134919854804e-06
ZIP/BTC,3e-07,29.160139942352075,5.059465362751612e-07,2.8748875442537584e-07
ZRC/BTC,0.000235,53.46109572890116,0.00021953381384704363,0.00018364130175423194
